label,message
spam,cash urgent click prize prize
spam,offer urgent click free money
spam,prize urgent win win cash
spam,money money offer offer free
spam,prize urgent win prize prize
spam,prize prize urgent money money
spam,offer money offer offer urgent
spam,offer money free offer prize
spam,prize urgent free urgent money
spam,urgent urgent urgent offer offer
spam,offer cash click money win
spam,win click click click cash
spam,click click offer urgent cash
spam,offer money click urgent prize
spam,offer click free money win
spam,click click win win urgent
spam,prize win money cash click
spam,cash free free free urgent
spam,money win offer win prize
spam,prize prize win cash click
spam,money free prize urgent money
spam,urgent free win money click
spam,cash free urgent free offer
spam,cash prize prize click prize
spam,urgent cash click free click
spam,free urgent click prize cash
spam,win prize click money money
spam,cash click win offer money
spam,win cash offer offer cash
spam,urgent win money click prize
spam,click prize offer offer offer
spam,prize urgent free cash cash
spam,prize free prize win prize
spam,money offer offer money cash
spam,free offer money prize prize
spam,money offer click prize click
spam,offer win click offer offer
spam,offer money cash offer urgent
spam,cash offer prize prize urgent
spam,cash free offer free urgent
spam,money cash urgent urgent win
spam,click prize offer cash free
spam,money cash click cash money
spam,offer urgent offer urgent offer
spam,win urgent cash urgent free
spam,click prize urgent cash prize
spam,win offer prize click prize
spam,urgent cash urgent money cash
spam,free money prize prize free
spam,free urgent offer click click
spam,click cash offer cash urgent
spam,money money urgent win click
spam,offer free win free offer
spam,cash money money urgent prize
spam,win cash click cash prize
spam,cash cash prize urgent free
spam,prize cash cash win cash
spam,win money urgent win free
spam,offer cash urgent prize money
spam,money offer money urgent free
spam,money free offer click urgent
spam,click cash free cash cash
spam,offer free free money click
spam,click urgent prize urgent money
spam,urgent cash click prize money
spam,win prize prize money prize
spam,urgent money free cash win
spam,free cash cash urgent cash
spam,offer win offer offer cash
spam,offer urgent prize prize prize
spam,cash free money offer win
spam,cash offer urgent win urgent
spam,free click money money money
spam,offer cash money click cash
spam,urgent money free free prize
spam,urgent click free win urgent
spam,urgent click click free prize
spam,offer offer free urgent cash
spam,click urgent urgent cash offer
spam,urgent win click money offer
spam,urgent money prize offer money
spam,offer money click offer cash
spam,prize win money free click
spam,offer prize prize money prize
spam,cash prize urgent cash urgent
spam,cash click click urgent money
spam,free prize urgent free free
spam,win cash click free urgent
spam,cash cash click offer urgent
spam,urgent prize free cash click
spam,click win money money prize
spam,money win click urgent urgent
spam,free prize urgent free money
spam,offer prize cash free offer
spam,cash click offer free money
spam,click free click offer urgent
spam,offer money free money cash
spam,money win click prize urgent
spam,win win cash click urgent
spam,prize prize urgent urgent offer
spam,prize cash click money click
spam,cash click money cash urgent
spam,prize prize win free cash
spam,urgent money money offer free
spam,money offer win prize prize
spam,cash prize cash win prize
spam,free click cash prize win
spam,offer click cash offer cash
spam,win cash prize money free
spam,free click money prize urgent
spam,cash click cash offer offer
spam,urgent offer cash money cash
spam,urgent money cash money urgent
spam,win money click free prize
spam,urgent click offer money money
spam,click cash prize free urgent
spam,win money prize free click
spam,free cash cash prize urgent
spam,win win offer win click
spam,win win urgent win money
spam,cash win prize money free
spam,money cash cash click money
spam,free urgent urgent free urgent
spam,offer free urgent prize offer
spam,free free free click free
spam,win free cash urgent money
spam,offer prize win free win
spam,cash free prize offer money
spam,win offer offer cash win
spam,prize prize click cash prize
spam,win win free urgent click
spam,win urgent prize win win
spam,cash prize offer urgent urgent
spam,cash free free win urgent
spam,win free cash money win
spam,prize cash click cash cash
spam,cash click offer money click
spam,win prize offer money click
spam,money click offer win win
spam,click prize click free money
spam,click click free free offer
spam,prize prize urgent money offer
spam,prize click urgent win urgent
spam,money click click cash cash
spam,offer click free urgent click
spam,win urgent money free click
spam,offer money money offer free
spam,urgent win urgent prize click
spam,win money free free prize
spam,click win free click win
spam,free click free win click
spam,offer urgent click click urgent
spam,click win click offer urgent
spam,click money urgent offer offer
spam,win click money money free
spam,prize money offer offer offer
spam,urgent prize offer win free
spam,cash prize offer money money
spam,click urgent urgent free click
spam,cash prize prize cash win
spam,win cash click free free
spam,click money free cash win
spam,cash urgent money cash cash
spam,win click urgent cash offer
spam,free free free click prize
spam,prize win money prize win
spam,prize free cash free win
spam,win prize money win click
spam,money win money urgent win
spam,urgent prize money money click
spam,urgent offer cash prize money
spam,click free free money prize
spam,free prize cash prize prize
spam,win click prize cash money
spam,urgent prize click urgent win
spam,free cash cash win click
spam,win money free offer urgent
spam,prize win money urgent offer
spam,win money win offer prize
spam,prize money money offer money
spam,urgent win urgent win offer
spam,money free prize cash prize
spam,win urgent offer offer offer
spam,prize free money win urgent
spam,win win free free money
spam,offer cash win urgent cash
spam,money money money offer cash
spam,win win free prize win
spam,urgent offer urgent urgent urgent
spam,offer click money urgent free
spam,cash offer cash money click
spam,cash offer prize money urgent
spam,free prize cash free cash
spam,click free prize urgent prize
spam,win prize win click urgent
spam,urgent prize offer money urgent
spam,win urgent cash money urgent
spam,offer prize offer prize prize
spam,offer cash money offer money
spam,urgent free free cash offer
spam,free win prize money cash
spam,win urgent click click urgent
spam,win free cash offer prize
spam,prize urgent click urgent click
spam,money money money offer cash
spam,money click win free prize
spam,win money offer money prize
spam,win free win offer offer
spam,cash prize free prize click
spam,free urgent click cash money
spam,win click free click win
spam,click win urgent prize money
spam,win click cash free win
spam,offer free free urgent prize
spam,prize free offer click win
spam,offer click free prize click
spam,offer free urgent offer win
spam,prize click money free prize
spam,win urgent win click prize
spam,offer urgent offer click cash
spam,money free free prize win
spam,click prize urgent cash free
spam,free prize click prize cash
spam,free cash prize win cash
spam,win cash click offer offer
spam,cash urgent cash urgent click
spam,free free free free prize
spam,offer cash money urgent free
spam,free prize win win offer
spam,free free cash money click
spam,offer click prize free urgent
spam,urgent click urgent urgent free
spam,money cash money win free
spam,win offer cash prize prize
spam,offer prize offer click win
spam,cash urgent win offer click
spam,cash free win win money
spam,cash click click money win
spam,offer cash win offer click
spam,cash cash cash prize prize
spam,win click free money prize
spam,free money win cash cash
spam,urgent money offer money win
spam,free prize prize prize win
spam,money prize urgent offer win
spam,cash prize click free win
spam,win offer prize free cash
spam,urgent click prize free money
spam,free offer win urgent offer
spam,free cash offer click win
spam,free offer prize offer prize
spam,offer free offer prize free
spam,urgent urgent free offer urgent
spam,cash click offer click cash
spam,prize free urgent urgent cash
spam,money win money free free
spam,money win offer offer click
spam,prize money prize win money
spam,offer prize offer win money
spam,win money cash urgent click
spam,win click urgent urgent free
spam,urgent click cash prize urgent
spam,prize win cash win offer
spam,prize cash win win cash
spam,money offer money cash click
spam,cash urgent prize cash click
spam,urgent cash prize urgent free
spam,offer urgent cash urgent free
spam,cash win money free free
spam,money win click prize offer
spam,click win click urgent offer
spam,money click free win money
spam,urgent click free urgent money
spam,click win click urgent free
spam,click win cash click offer
spam,free urgent free offer offer
spam,urgent free free click urgent
spam,urgent cash prize prize free
spam,offer win cash win win
spam,money money money offer offer
spam,offer offer urgent prize click
spam,win free offer prize offer
spam,win free free money click
spam,cash free urgent money urgent
spam,free prize urgent cash prize
spam,click free free cash offer
spam,free urgent free cash click
spam,win prize cash cash offer
spam,urgent click urgent urgent urgent
spam,cash money click free cash
spam,prize offer offer urgent cash
spam,offer free prize win free
spam,prize offer free prize offer
spam,money click cash urgent offer
spam,offer offer prize prize urgent
spam,click win win money cash
spam,urgent offer free click prize
spam,money money win money prize
spam,offer click prize money money
spam,click urgent offer offer offer
spam,win urgent click prize click
spam,money cash win prize urgent
spam,urgent urgent free free free
spam,offer free win urgent prize
spam,urgent click cash free click
spam,money win prize offer win
spam,click money offer urgent prize
spam,win cash money free cash
spam,offer cash money money money
spam,free urgent prize offer urgent
spam,money free free prize cash
spam,free money offer prize win
spam,prize prize win win money
spam,offer prize win urgent click
spam,prize free click prize money
spam,money prize free click win
spam,urgent win win win prize
spam,offer money money prize prize
spam,money win urgent click prize
spam,click free cash click money
spam,click offer free prize money
spam,money free cash win cash
spam,win money money win win
spam,cash urgent offer click click
spam,offer offer cash offer free
spam,offer prize money click offer
spam,urgent money free free prize
spam,urgent prize prize free free
spam,click free click click prize
spam,cash money cash click offer
spam,free cash money win free
spam,click free money urgent urgent
spam,offer click money cash urgent
spam,cash urgent cash win cash
spam,prize cash offer prize free
spam,prize click prize urgent money
spam,urgent click free cash urgent
spam,win free click cash free
spam,cash cash cash urgent win
spam,free prize offer cash money
spam,free win win money free
spam,free free money click win
spam,free money prize prize click
spam,click win money prize offer
spam,offer money money win urgent
spam,money offer win free win
spam,offer money win offer money
spam,free urgent offer click money
spam,offer money cash click click
spam,click click cash win urgent
spam,free free urgent free prize
spam,win money cash prize click
spam,offer urgent offer prize free
spam,prize offer free money urgent
spam,money free money click cash
spam,win free cash urgent free
spam,win money prize offer click
spam,click win cash cash cash
spam,money prize offer money click
spam,click click offer click click
spam,click offer offer urgent urgent
spam,prize urgent prize click free
spam,money money offer offer money
spam,cash cash click cash click
spam,win urgent offer cash offer
spam,prize win prize urgent cash
spam,click offer cash offer win
spam,win money cash free offer
spam,free money cash click cash
spam,urgent cash prize money offer
spam,money cash click offer click
spam,urgent money click cash win
spam,offer prize free money urgent
spam,money free free free cash
spam,prize click click urgent win
spam,click prize prize offer win
spam,money prize click win free
spam,money win free urgent money
spam,prize offer urgent click win
spam,click free cash offer money
spam,win free prize win urgent
spam,win urgent cash free cash
spam,urgent win money click prize
spam,free offer money win free
spam,win money free offer offer
spam,click cash money win win
spam,free money prize click cash
spam,urgent money prize click win
spam,money click offer cash free
spam,win prize money urgent win
spam,prize cash money prize money
spam,offer win click prize urgent
spam,cash free urgent click win
spam,money offer prize offer money
spam,urgent offer win prize click
spam,money win win free money
spam,prize urgent urgent offer prize
spam,click urgent offer cash cash
spam,cash click click win free
spam,urgent cash win win prize
spam,click money urgent offer prize
spam,win urgent offer money urgent
spam,money offer free free cash
spam,offer money money money cash
spam,win offer click cash win
spam,cash urgent prize free money
spam,offer money urgent offer cash
spam,cash cash cash free free
spam,urgent free urgent win urgent
spam,prize offer click offer free
spam,free prize free money urgent
spam,urgent money cash cash offer
spam,click click prize free offer
spam,win free win free money
spam,free urgent offer money click
spam,click offer free cash win
spam,win urgent free free click
spam,free win free click money
spam,prize urgent prize win money
spam,urgent cash click free cash
spam,urgent money urgent prize urgent
spam,click urgent free free offer
spam,urgent click click cash prize
spam,free cash cash prize win
spam,urgent money urgent win urgent
spam,offer win money urgent win
spam,win click free money free
spam,offer prize win win click
spam,cash win offer free money
spam,free free urgent prize click
spam,cash cash win offer cash
spam,money offer win free money
spam,click money cash urgent urgent
spam,win offer click cash cash
spam,free offer money prize cash
spam,click money urgent win offer
spam,cash urgent urgent prize money
spam,click win prize offer win
spam,win prize urgent urgent offer
spam,prize cash click money offer
spam,offer cash urgent offer prize
spam,offer free offer click cash
spam,win prize urgent money win
spam,free cash money offer urgent
spam,cash prize free click win
spam,free prize money offer prize
spam,cash click urgent cash click
spam,prize money money prize free
spam,money offer prize cash click
spam,win urgent cash money prize
spam,prize click win prize prize
spam,money cash free click free
spam,offer prize cash win cash
spam,urgent free offer money click
spam,money prize cash win prize
spam,urgent prize offer prize cash
spam,free offer cash money offer
spam,cash money cash offer win
spam,prize cash money free cash
spam,cash cash money money urgent
spam,win free win urgent free
spam,offer prize cash win click
spam,offer prize win prize prize
spam,free free free money cash
spam,urgent offer cash cash urgent
spam,click money click prize win
spam,urgent urgent offer click urgent
spam,money free cash free money
spam,urgent click free cash offer
spam,win win prize urgent urgent
spam,urgent offer money free urgent
spam,prize free free click cash
spam,click prize offer click free
spam,click free money click cash
spam,offer offer urgent click offer
spam,free prize free offer free
spam,urgent cash urgent money cash
spam,offer free money cash free
spam,money click click win offer
spam,free free click cash prize
spam,win prize prize click win
spam,prize click offer prize click
spam,prize click urgent money urgent
spam,urgent win urgent prize win
spam,offer click win prize urgent
spam,offer money win win win
spam,free free money cash offer
spam,offer money cash prize prize
spam,money cash free cash money
spam,money free cash free prize
spam,money offer money click prize
spam,offer cash offer win click
spam,offer cash prize urgent cash
spam,free money win win free
spam,money offer win offer free
spam,win win click prize win
spam,win offer click free win
spam,free cash click win prize
spam,click cash cash prize cash
spam,cash cash offer offer offer
ham,hello schedule schedule call schedule
ham,hello hello class class update
ham,class hello call class call
ham,schedule project update update assignment
ham,schedule hello assignment class project
ham,update hello update meeting schedule
ham,project hello hello meeting hello
ham,project class meeting assignment class
ham,project meeting assignment project call
ham,project update class assignment schedule
ham,project hello update update class
ham,class assignment hello project call
ham,update assignment call update assignment
ham,schedule meeting update update class
ham,meeting update class hello assignment
ham,schedule update project class hello
ham,meeting class meeting call assignment
ham,class meeting meeting assignment assignment
ham,schedule assignment call project assignment
ham,update project update schedule hello
ham,assignment assignment assignment assignment update
ham,schedule meeting meeting call schedule
ham,class hello update call hello
ham,class assignment hello meeting schedule
ham,call meeting update assignment assignment
ham,schedule call call assignment hello
ham,meeting hello hello class class
ham,meeting meeting update schedule update
ham,class meeting call call update
ham,project call hello project assignment
ham,assignment hello project project update
ham,call hello schedule assignment meeting
ham,assignment update meeting hello project
ham,project meeting hello class meeting
ham,meeting meeting hello update call
ham,class meeting hello meeting class
ham,class class call project call
ham,assignment assignment schedule class project
ham,assignment hello update project update
ham,assignment schedule update hello project
ham,assignment class hello assignment update
ham,call update call hello update
ham,assignment call project update hello
ham,assignment class update project update
ham,project project assignment meeting meeting
ham,project update class meeting call
ham,meeting meeting hello class meeting
ham,hello meeting call schedule project
ham,class class update meeting assignment
ham,update meeting project update meeting
ham,meeting call meeting update assignment
ham,hello hello schedule hello schedule
ham,assignment assignment project class update
ham,class hello call schedule hello
ham,schedule update call call call
ham,hello project assignment meeting hello
ham,class class meeting meeting class
ham,hello meeting project call class
ham,hello update hello schedule schedule
ham,update call meeting hello schedule
ham,schedule schedule assignment class call
ham,meeting update meeting class meeting
ham,call meeting meeting project call
ham,hello schedule schedule update update
ham,meeting hello assignment meeting project
ham,project project call class schedule
ham,class assignment call assignment hello
ham,project call project class class
ham,call call class assignment assignment
ham,schedule hello project schedule meeting
ham,schedule assignment class schedule class
ham,project meeting class update meeting
ham,schedule assignment schedule class project
ham,schedule hello hello call project
ham,assignment call project meeting schedule
ham,class call meeting class call
ham,schedule call schedule class call
ham,meeting update update hello hello
ham,call update schedule class class
ham,schedule call assignment class call
ham,call update call assignment schedule
ham,project assignment schedule call project
ham,meeting assignment meeting update call
ham,hello assignment meeting project update
ham,call assignment call update call
ham,update schedule assignment project project
ham,update call hello schedule call
ham,class meeting call call schedule
ham,meeting project schedule hello project
ham,update update project project class
ham,hello schedule assignment schedule assignment
ham,class assignment assignment project assignment
ham,class hello class project class
ham,meeting meeting meeting class schedule
ham,project project schedule update hello
ham,hello hello class meeting schedule
ham,call call call update class
ham,project schedule update class project
ham,call project assignment assignment assignment
ham,call update meeting call schedule
ham,hello update meeting project class
ham,schedule hello class meeting call
ham,call schedule hello hello meeting
ham,call assignment project assignment class
ham,project meeting class update class
ham,class call call class project
ham,assignment schedule meeting class schedule
ham,hello call assignment call update
ham,update project call schedule update
ham,update project hello meeting class
ham,assignment project hello assignment hello
ham,class assignment assignment project project
ham,update assignment call meeting project
ham,call class meeting update class
ham,hello class call class call
ham,class project class assignment assignment
ham,schedule assignment schedule assignment call
ham,update project assignment call update
ham,meeting update assignment meeting assignment
ham,meeting schedule meeting class hello
ham,project assignment assignment project assignment
ham,call call assignment schedule project
ham,update call schedule update meeting
ham,assignment class hello call call
ham,project hello project assignment project
ham,hello meeting project class assignment
ham,class call hello assignment assignment
ham,update call hello call meeting
ham,hello call assignment assignment hello
ham,assignment assignment call call project
ham,assignment assignment meeting update assignment
ham,hello class project assignment update
ham,update schedule schedule project update
ham,call class meeting class class
ham,assignment assignment project meeting call
ham,call schedule project update project
ham,schedule assignment class project update
ham,assignment schedule update schedule class
ham,update update hello class call
ham,hello call update class assignment
ham,meeting update class meeting project
ham,hello class assignment project hello
ham,meeting schedule class class project
ham,update assignment update assignment class
ham,meeting schedule hello assignment project
ham,class class schedule meeting call
ham,assignment assignment update class update
ham,assignment update project hello hello
ham,call hello assignment update schedule
ham,project meeting hello schedule call
ham,class assignment call hello class
ham,class hello schedule class meeting
ham,hello update call hello project
ham,meeting hello schedule project meeting
ham,project hello hello project hello
ham,assignment update project project project
ham,schedule assignment schedule update meeting
ham,assignment assignment schedule update hello
ham,call meeting assignment update schedule
ham,class call schedule schedule class
ham,schedule project project meeting call
ham,class assignment schedule class update
ham,meeting update call update schedule
ham,assignment project assignment call project
ham,project assignment assignment class class
ham,project assignment schedule call hello
ham,meeting schedule assignment class hello
ham,assignment update call update project
ham,class project meeting project project
ham,assignment update hello call schedule
ham,hello update call call update
ham,hello project project hello assignment
ham,update call assignment update update
ham,schedule call class class project
ham,assignment call schedule hello assignment
ham,hello call meeting assignment schedule
ham,call hello meeting meeting update
ham,assignment update call schedule class
ham,schedule assignment update meeting schedule
ham,hello call schedule schedule project
ham,project assignment meeting update update
ham,update hello update assignment update
ham,schedule assignment call hello hello
ham,call project hello project assignment
ham,call class call schedule schedule
ham,call schedule class assignment update
ham,schedule class meeting call meeting
ham,meeting hello schedule hello project
ham,assignment class project hello update
ham,hello project update project project
ham,meeting meeting schedule call project
ham,update schedule project hello project
ham,project hello assignment meeting call
ham,class project project project schedule
ham,assignment hello hello project call
ham,class update hello update project
ham,assignment update class call meeting
ham,meeting hello update project project
ham,project call update assignment schedule
ham,assignment project project update hello
ham,project class schedule class hello
ham,project call update hello update
ham,assignment project class meeting hello
ham,project class meeting call hello
ham,meeting hello hello hello call
ham,call meeting schedule schedule hello
ham,schedule assignment hello hello assignment
ham,hello project hello class assignment
ham,update project hello project update
ham,assignment meeting call class assignment
ham,update assignment hello project schedule
ham,meeting update call call call
ham,class hello hello call update
ham,schedule assignment class project assignment
ham,call class update update hello
ham,meeting class class call schedule
ham,class class hello meeting assignment
ham,hello call meeting schedule assignment
ham,update hello schedule call schedule
ham,meeting meeting assignment schedule meeting
ham,schedule call schedule update meeting
ham,meeting meeting project update project
ham,class project project call assignment
ham,meeting class hello schedule update
ham,meeting update assignment project call
ham,hello assignment update hello update
ham,class schedule call class assignment
ham,hello class update schedule hello
ham,schedule hello project project update
ham,meeting update assignment project meeting
ham,project update class project assignment
ham,schedule assignment schedule class class
ham,update assignment call assignment hello
ham,schedule update schedule call meeting
ham,project hello assignment class class
ham,assignment project class call schedule
ham,assignment update class call class
ham,schedule meeting update schedule project
ham,schedule meeting assignment update update
ham,project schedule meeting schedule assignment
ham,project project assignment class update
ham,class project class schedule assignment
ham,class project assignment class project
ham,project assignment meeting schedule hello
ham,meeting project update call assignment
ham,meeting meeting call assignment project
ham,meeting update class class class
ham,hello call update call update
ham,update hello assignment assignment meeting
ham,hello call update class schedule
ham,hello update schedule schedule class
ham,meeting project update assignment call
ham,call class schedule assignment hello
ham,assignment schedule meeting project schedule
ham,call schedule meeting project meeting
ham,call project schedule project assignment
ham,class call class assignment assignment
ham,update call hello class call
ham,update class meeting call hello
ham,update call schedule update project
ham,update class schedule assignment hello
ham,meeting schedule update hello call
ham,update project hello meeting class
ham,hello class meeting update update
ham,class assignment class meeting project
ham,project project class update call
ham,class meeting call class project
ham,project class assignment assignment call
ham,meeting project hello assignment schedule
ham,assignment update class call class
ham,hello update assignment call call
ham,meeting class schedule project schedule
ham,hello project call assignment assignment
ham,class hello schedule call class
ham,meeting project update meeting meeting
ham,class project project class schedule
ham,hello call project hello meeting
ham,project hello call schedule update
ham,assignment project assignment assignment hello
ham,project project project meeting call
ham,assignment meeting meeting hello schedule
ham,hello meeting assignment class meeting
ham,project class assignment call call
ham,schedule hello project schedule class
ham,hello assignment meeting meeting hello
ham,update hello meeting hello update
ham,update class project call assignment
ham,hello update call class project
ham,update project schedule project meeting
ham,assignment meeting update project update
ham,project hello meeting call call
ham,call project meeting schedule hello
ham,class project project class meeting
ham,call call call schedule schedule
ham,class schedule schedule hello assignment
ham,meeting class assignment assignment hello
ham,call update assignment meeting project
ham,assignment meeting assignment class class
ham,assignment class hello assignment schedule
ham,schedule class update assignment hello
ham,call hello meeting assignment update
ham,schedule call project class project
ham,project hello update update class
ham,update schedule update update hello
ham,call hello project update update
ham,schedule project project meeting assignment
ham,schedule hello class hello meeting
ham,meeting update meeting meeting call
ham,assignment update schedule hello hello
ham,assignment class class meeting hello
ham,class schedule schedule update update
ham,call meeting call schedule assignment
ham,update meeting hello project schedule
ham,project meeting schedule update meeting
ham,update project class update class
ham,call meeting schedule schedule call
ham,call update assignment hello update
ham,meeting call hello schedule project
ham,schedule assignment class schedule meeting
ham,hello project project class assignment
ham,meeting class project meeting call
ham,update hello class hello hello
ham,update meeting schedule schedule meeting
ham,schedule assignment meeting update schedule
ham,project assignment hello assignment class
ham,project meeting meeting hello schedule
ham,call update meeting schedule call
ham,project assignment hello class call
ham,project update schedule update schedule
ham,update class hello schedule hello
ham,call hello project project hello
ham,hello hello assignment meeting project
ham,meeting call hello schedule update
ham,assignment hello class class update
ham,assignment update schedule call hello
ham,schedule project hello call project
ham,update meeting assignment assignment hello
ham,update meeting schedule hello project
ham,call meeting assignment update meeting
ham,hello class hello assignment project
ham,meeting hello call update call
ham,assignment call class meeting update
ham,class class hello project call
ham,update meeting project class update
ham,class schedule update class assignment
ham,project project assignment project call
ham,class hello class meeting class
ham,project schedule project class call
ham,class hello schedule call class
ham,class project meeting update hello
ham,meeting assignment update project update
ham,class update schedule class project
ham,call hello schedule class update
ham,update schedule hello class assignment
ham,update meeting schedule call update
ham,schedule call call project meeting
ham,class assignment update class assignment
ham,hello schedule update schedule assignment
ham,update schedule hello meeting hello
ham,update class hello hello schedule
ham,meeting call project class call
ham,project update schedule project schedule
ham,assignment hello assignment update hello
ham,update schedule project hello update
ham,update hello project meeting call
ham,project schedule assignment call meeting
ham,call update schedule hello update
ham,class assignment hello project update
ham,class hello class project assignment
ham,schedule update hello class assignment
ham,call class update assignment project
ham,project schedule class hello schedule
ham,project call class update assignment
ham,project meeting update hello project
ham,assignment call update meeting class
ham,update call call project project
ham,class class hello schedule update
ham,project schedule assignment assignment class
ham,class assignment class meeting assignment
ham,schedule assignment update update call
ham,hello meeting project meeting hello
ham,schedule call project assignment call
ham,meeting update hello hello meeting
ham,call update assignment meeting class
ham,hello schedule class assignment call
ham,meeting call schedule meeting call
ham,class update hello update meeting
ham,meeting hello project assignment project
ham,call hello schedule project assignment
ham,update update call hello class
ham,assignment assignment call meeting assignment
ham,hello project class class schedule
ham,class project update call meeting
ham,class schedule assignment schedule hello
ham,call update meeting project meeting
ham,assignment update call class meeting
ham,meeting update hello meeting call
ham,assignment hello project hello hello
ham,project call class assignment update
ham,schedule assignment schedule update class
ham,call schedule meeting assignment assignment
ham,assignment meeting call schedule update
ham,hello meeting hello hello hello
ham,call assignment class schedule meeting
ham,meeting assignment schedule schedule meeting
ham,schedule hello project schedule update
ham,project call assignment class assignment
ham,schedule class update update meeting
ham,schedule update hello meeting assignment
ham,meeting update schedule schedule hello
ham,update project call meeting project
ham,call project call meeting hello
ham,call meeting meeting assignment call
ham,hello update hello meeting meeting
ham,call assignment meeting assignment update
ham,hello assignment assignment schedule call
ham,assignment assignment class project assignment
ham,class assignment project schedule project
ham,meeting project hello class schedule
ham,schedule meeting schedule hello call
ham,update update hello hello assignment
ham,call project assignment hello project
ham,assignment class class hello assignment
ham,project schedule class hello call
ham,hello call update class hello
ham,schedule update hello meeting class
ham,assignment call hello update project
ham,assignment call assignment hello schedule
ham,update hello update call update
ham,hello meeting update assignment meeting
ham,meeting hello hello class project
ham,call project call meeting hello
ham,schedule assignment assignment call update
ham,project class call project hello
ham,update project update meeting project
ham,class class schedule update project
ham,schedule class assignment call meeting
ham,update class project call assignment
ham,assignment meeting hello schedule update
ham,project project assignment class call
ham,update assignment update class update
ham,schedule hello class class hello
ham,class project project hello schedule
ham,update call schedule meeting assignment
ham,meeting call call meeting hello
ham,update update schedule assignment project
ham,schedule update meeting class meeting
ham,schedule hello update class meeting
ham,update class assignment assignment update
ham,call class schedule meeting class
ham,meeting project assignment project update
ham,update project update meeting project
ham,class hello schedule call call
ham,update meeting schedule project hello
ham,assignment call call update assignment
ham,call project project hello hello
ham,schedule schedule call hello meeting
ham,meeting update class meeting class
ham,schedule class schedule class assignment
ham,call project meeting call assignment
ham,meeting schedule call project assignment
ham,update hello class project project
ham,call assignment schedule call assignment
ham,meeting meeting project update schedule
ham,class project class update class
ham,class project project meeting hello
ham,hello call class class hello
ham,call hello project call schedule
ham,meeting schedule schedule meeting meeting
ham,hello assignment hello class update
ham,project project project update call
ham,hello meeting call project call
ham,class call assignment call schedule
ham,schedule hello assignment assignment project
ham,schedule update hello project class
ham,assignment call update meeting call
ham,update meeting meeting hello meeting
ham,project call assignment project hello
ham,class call meeting project meeting
ham,project hello hello assignment call
ham,class class schedule meeting update
ham,class class assignment schedule project
ham,hello call class assignment assignment
ham,meeting project meeting update meeting
ham,meeting call project update hello
ham,call schedule meeting schedule hello
ham,class schedule assignment call update
ham,meeting call meeting meeting call
ham,class hello call call schedule
ham,class call class schedule schedule
ham,hello update hello hello class
ham,hello hello hello meeting hello
ham,schedule hello schedule call call
ham,meeting class meeting class class
ham,update meeting update schedule class
ham,schedule project meeting update meeting
ham,project project meeting project call
ham,schedule assignment assignment class hello
ham,assignment update meeting hello schedule
ham,update update meeting meeting meeting
